{"i":1000,"val_loss_history":[1.648377462442],"val_loss_history_it":[1000],"forward_backward_times":{},"opt":{"max_epochs":50,"checkpoint_every":1000,"batch_size":50,"memory_benchmark":0,"init_from":"","grad_clip":5,"model_type":"lstm","lr_decay_every":5,"print_every":1,"wordvec_size":64,"seq_length":50,"input_json":"data\/largeLua.json","num_layers":2,"input_h5":"data\/largeLua.h5","reset_iterations":1,"rnn_size":128,"dropout":0,"checkpoint_name":"cv\/checkpoint","batchnorm":0,"learning_rate":0.002,"speed_benchmark":0,"gpu_backend":"opencl","lr_decay_factor":0.5,"gpu":0},"train_loss_history":[4.96396953125,4.85536015625,4.717455859375,4.4944015625,4.198825390625,4.055323046875,3.87991796875,3.79839296875,3.7554046875,3.671219140625,3.5843015625,3.6064421875,3.685096484375,3.6596546875,3.692818359375,3.682864453125,3.681534765625,3.5884484375,3.62559140625,3.59287578125,3.502996484375,3.470491796875,3.467054296875,3.468609375,3.47278203125,3.447112890625,3.46978984375,3.486215234375,3.46205,3.42816015625,3.51129453125,3.55363828125,3.508135546875,3.465862109375,3.459569140625,3.423653125,3.480166015625,3.46849296875,3.4420890625,3.4458640625,3.52387890625,3.43999921875,3.43451328125,3.35104140625,3.408471484375,3.466033203125,3.2983484375,3.38649140625,3.38498984375,3.34597578125,3.2602703125,3.28013359375,3.251730078125,3.26638515625,3.294431640625,3.27715703125,3.2186970703125,3.2337447265625,3.16224609375,3.2157955078125,3.17068125,3.229066015625,3.1802068359375,3.1482125,3.1850005859375,3.068455859375,3.15340859375,3.09052890625,3.1488982421875,3.039059765625,3.138521484375,2.9291140625,3.08908046875,3.0904765625,3.062760546875,3.092137109375,3.0562669921875,3.015815625,3.0057193359375,3.0776826171875,3.001380859375,2.92777890625,3.00538125,2.9153650390625,2.850144921875,2.943796875,2.918955859375,3.0004736328125,3.071762890625,2.991308984375,2.9612181640625,2.9109484375,2.9421857421875,2.9962833984375,2.968073828125,2.900905859375,2.90723203125,2.8480484375,2.84450859375,2.8847826171875,2.99226171875,2.8071669921875,2.8462125,2.690722265625,2.730249609375,2.756992578125,2.738792578125,2.776091796875,2.751937890625,2.729736328125,2.7764626953125,2.6917703125,2.7361103515625,2.76949921875,2.76993046875,2.759981640625,2.7596869140625,2.835279296875,2.72765,2.726653125,2.6788333984375,2.6538498046875,2.66394921875,2.71427109375,2.7302123046875,2.615842578125,2.591246875,2.6963287109375,2.670923046875,2.5519912109375,2.595944921875,2.552075,2.605994140625,2.545089453125,2.5489546875,2.581705859375,2.50824921875,2.5682306640625,2.60285,2.63335390625,2.59991171875,2.6742283203125,2.56621953125,2.571769140625,2.4883640625,2.5074353515625,2.5176078125,2.446758203125,2.525353515625,2.412377734375,2.5434705078125,2.5715453125,2.43836953125,2.5689078125,2.542014453125,2.4600830078125,2.30821796875,2.2972822265625,2.3639384765625,2.552943359375,2.4805568359375,2.547253515625,2.512373046875,2.500932421875,2.534219140625,2.4062251953125,2.51394296875,2.468730078125,2.4405142578125,2.383073046875,2.544221484375,2.4309322265625,2.355811328125,2.30324609375,2.373340625,2.355091796875,2.3221921875,2.36878203125,2.3928904296875,2.4572296875,2.40901640625,2.41030078125,2.405650390625,2.3172607421875,2.3308283203125,2.31229453125,2.307986328125,2.3104015625,2.333038671875,2.2057623046875,2.276857421875,2.28291484375,2.2886623046875,2.2517921875,2.3686671875,2.3997017578125,2.295706640625,2.25599375,2.3134,2.27247265625,2.336987890625,2.326828515625,2.3396416015625,2.41191171875,2.2500412109375,2.23558203125,2.275644140625,2.28859609375,2.187897265625,2.2603259765625,2.42628359375,2.3881875,2.3574177734375,2.3849501953125,2.2723306640625,2.3651828125,2.2844841796875,2.3353763671875,2.2902982421875,2.1736328125,2.3028291015625,2.2172943359375,2.09438203125,2.126504296875,2.1306984375,2.1481576171875,2.236886328125,2.2071419921875,2.2290345703125,2.124762890625,2.10161640625,2.210629296875,2.1554052734375,2.10945390625,2.2420888671875,2.14169140625,2.1515125,2.2407734375,2.237590234375,2.1954740234375,2.19378046875,2.2285966796875,2.184441796875,2.1977189453125,2.321503125,2.247173828125,2.1699728515625,2.196566796875,2.0839826171875,2.2187548828125,2.1030361328125,1.9878744140625,2.0977505859375,2.1380439453125,2.2539375,2.1711517578125,2.106022265625,2.076794140625,2.0802482421875,2.13086015625,2.1112111328125,2.132410546875,2.026042578125,2.1723013671875,2.03809375,2.0970837890625,2.0114400390625,2.089671875,2.0385953125,2.0473994140625,2.138894921875,2.01565,1.9700328125,2.032292578125,2.081608203125,2.104909765625,2.0021498046875,2.00154140625,2.0173716796875,2.112465234375,1.959286328125,1.9646642578125,2.0687560546875,1.990651953125,2.057297265625,1.9645720703125,1.96368203125,1.96941484375,2.0171486328125,1.92716171875,1.93952421875,1.9848673828125,2.0045162109375,2.18840546875,1.9713478515625,2.0248123046875,1.928805859375,2.0186654296875,1.921761328125,1.9620369140625,2.03353828125,1.914935546875,2.0563427734375,2.038528515625,2.0509703125,2.0180470703125,1.9366521484375,2.1204208984375,1.9708970703125,1.9294623046875,2.002646875,2.077253125,1.9831599609375,1.97880703125,1.919268359375,2.0867125,2.04994375,1.989302734375,1.9993560546875,1.980174609375,1.845205078125,1.8056431640625,1.8862826171875,2.081271484375,1.9693822265625,1.9944318359375,2.06513515625,2.0758595703125,2.1230982421875,2.1103791015625,2.123301953125,2.18779765625,2.1006017578125,2.019987109375,1.9066916015625,2.0339978515625,2.052948046875,1.992626171875,2.0508697265625,1.99642265625,1.9976935546875,1.9883806640625,1.963160546875,1.9605515625,2.05950546875,1.927592578125,1.88430078125,1.848748046875,1.9406845703125,1.99387421875,1.839077734375,1.91649296875,1.8777994140625,1.8835521484375,1.893313671875,1.9771810546875,1.8502341796875,1.869808203125,1.749944140625,1.80875625,1.7388416015625,1.914594921875,1.872558984375,1.9617060546875,1.897440625,1.98009453125,1.7720283203125,1.962095703125,1.855451953125,1.88288984375,1.8956330078125,1.876290234375,1.8406333984375,2.03427578125,1.8783650390625,1.8409896484375,1.8221564453125,1.828290234375,1.8622541015625,1.8650564453125,1.9010984375,1.7878666015625,1.833714453125,1.813968359375,1.91264296875,1.785090234375,1.7508552734375,1.787177734375,1.756502734375,1.7950451171875,1.8430384765625,1.8049892578125,1.8630615234375,1.794354296875,1.7699423828125,1.832494921875,1.803646875,1.9086015625,1.8405890625,1.9553029296875,1.8589666015625,1.8975373046875,1.8599076171875,1.735583984375,1.8559701171875,1.8070294921875,1.6907861328125,1.828878125,1.7287353515625,1.8218892578125,1.833062109375,1.6685716796875,1.725560546875,1.773913671875,1.8953994140625,1.80136953125,1.7979986328125,1.84591015625,1.8069994140625,1.857608203125,1.8351390625,1.7821005859375,1.89719765625,1.7847595703125,1.72044140625,1.76613671875,1.7953849609375,1.91564609375,1.888966796875,1.85333359375,1.793599609375,1.864045703125,1.79832578125,1.8480322265625,1.8359095703125,1.8334474609375,1.6872041015625,1.753598828125,1.8226353515625,1.880053515625,1.7605001953125,1.86433515625,1.7918984375,1.79305078125,1.803862890625,1.791544140625,1.7273953125,1.841544140625,1.8651005859375,1.842852734375,1.85673203125,1.966009765625,1.958545703125,1.911249609375,1.841566015625,1.9083818359375,1.88165234375,1.87959375,1.94693515625,1.821409765625,1.9062353515625,1.97513046875,1.84146328125,1.8319904296875,1.85973828125,1.9141978515625,1.873801171875,1.9352216796875,1.7770921875,1.8409228515625,1.867935546875,1.8309302734375,1.9166072265625,1.91736875,1.795106640625,1.866837109375,1.848278515625,1.834626171875,1.7534138671875,1.825565234375,1.6419626953125,1.7463703125,1.8411171875,1.7845001953125,1.7867583984375,1.746866015625,1.7796169921875,1.6165618164063,1.747428515625,1.78936328125,1.75901171875,1.96456171875,1.8230279296875,1.7792189453125,1.890736328125,1.82736953125,1.778804296875,1.7960640625,1.9129548828125,1.83676484375,1.8447052734375,1.8183509765625,1.7957853515625,